Ref,Val,Package,PosX,PosY,Rot,Side
"Key1","Switch","Kailh_socket_MX_simplified",350.134674,-107.290350,0.000000,bottom
"Key2","Switch","Kailh_socket_MX_simplified",350.134674,-126.340350,0.000000,bottom
"Key3","Switch","Kailh_socket_MX_simplified",350.134674,-145.390365,0.000000,bottom
"Key4","Switch","Kailh_socket_MX_simplified",350.134674,-164.440351,0.000000,bottom
"Key5","Switch","Kailh_socket_MX_simplified",350.134675,-183.490265,0.000000,bottom
"Key6","Switch","Kailh_socket_MX_simplified",331.084749,-107.290350,0.000000,bottom
"Key7","Switch","Kailh_socket_MX_simplified",331.084749,-126.340350,0.000000,bottom
"Key8","Switch","Kailh_socket_MX_simplified",331.084749,-145.390365,0.000000,bottom
"Key9","Switch","Kailh_socket_MX_simplified",331.084749,-164.440351,0.000000,bottom
"Key10","Switch","Kailh_socket_MX_simplified",331.084750,-183.490265,0.000000,bottom
"Key11","Switch","Kailh_socket_MX_simplified",312.034749,-107.290350,0.000000,bottom
"Key12","Switch","Kailh_socket_MX_simplified",312.034749,-126.340350,0.000000,bottom
"Key13","Switch","Kailh_socket_MX_simplified",312.034749,-145.390365,0.000000,bottom
"Key14","Switch","Kailh_socket_MX_simplified",312.034749,-164.440351,0.000000,bottom
"Key15","Switch","Kailh_socket_MX_simplified",312.034750,-183.490265,0.000000,bottom
"Key16","Switch","Kailh_socket_MX_simplified",292.984749,-107.290350,0.000000,bottom
"Key17","Switch","Kailh_socket_MX_simplified",292.984749,-126.340350,0.000000,bottom
"Key18","Switch","Kailh_socket_MX_simplified",292.984749,-145.390365,0.000000,bottom
"Key19","Switch","Kailh_socket_MX_simplified",292.984749,-164.440351,0.000000,bottom
"Key20","Switch","Kailh_socket_MX_simplified",292.990350,-183.515265,0.000000,bottom
"Key21","Switch","Kailh_socket_MX_simplified",273.934749,-107.290350,0.000000,bottom
"Key22","Switch","Kailh_socket_MX_simplified",273.934749,-126.340350,0.000000,bottom
"Key23","Switch","Kailh_socket_MX_simplified",273.934749,-145.390365,0.000000,bottom
"Key24","Switch","Kailh_socket_MX_simplified",273.934749,-164.440351,0.000000,bottom
"Key25","Switch","Kailh_socket_MX_simplified",273.934750,-183.490265,0.000000,bottom
"Key26","Switch","Kailh_socket_MX_simplified",254.885449,-107.290350,0.000000,bottom
"Key27","Switch","Kailh_socket_MX_simplified",254.885449,-126.340350,0.000000,bottom
"Key28","Switch","Kailh_socket_MX_simplified",254.885449,-145.390365,0.000000,bottom
"Key29","Switch","Kailh_socket_MX_simplified",254.885449,-164.440351,0.000000,bottom
"Key30","Switch","Kailh_socket_MX_simplified",245.359599,-183.490265,0.000000,bottom
"Key31","Switch","Kailh_socket_MX_simplified",235.835599,-107.290350,0.000000,bottom
"Key32","Switch","Kailh_socket_MX_simplified",235.835599,-126.340350,0.000000,bottom
"Key33","Switch","Kailh_socket_MX_simplified",235.835599,-145.390365,0.000000,bottom
"Key34","Switch","Kailh_socket_MX_simplified",235.835599,-164.440351,0.000000,bottom
"Key35","Switch","Kailh_socket_MX_simplified",216.784600,-107.290350,0.000000,bottom
"Key36","Switch","Kailh_socket_MX_simplified",216.784600,-126.340351,0.000000,bottom
"Key37","Switch","Kailh_socket_MX_simplified",216.784600,-145.390365,0.000000,bottom
"Key38","Switch","Kailh_socket_MX_simplified",216.784600,-164.440351,0.000000,bottom
"Key39","Switch","Kailh_socket_MX_simplified",216.784600,-183.490266,0.000000,bottom
"Key40","Switch","Kailh_socket_MX_simplified",197.734599,-107.290350,0.000000,bottom
"Key41","Switch","Kailh_socket_MX_simplified",197.734599,-126.340351,0.000000,bottom
"Key42","Switch","Kailh_socket_MX_simplified",197.734599,-145.390365,0.000000,bottom
"Key43","Switch","Kailh_socket_MX_simplified",197.734599,-164.440351,0.000000,bottom
"Key44","Switch","Kailh_socket_MX_simplified",197.734599,-183.490266,0.000000,bottom
"Key45","Switch","Kailh_socket_MX_simplified",178.684599,-107.290350,0.000000,bottom
"Key46","Switch","Kailh_socket_MX_simplified",178.684599,-126.340351,0.000000,bottom
"Key47","Switch","Kailh_socket_MX_simplified",178.684599,-145.390365,0.000000,bottom
"Key48","Switch","Kailh_socket_MX_simplified",178.684599,-164.440351,0.000000,bottom
"Key49","Switch","Kailh_socket_MX_simplified",178.684599,-183.490266,0.000000,bottom
"Key50","Switch","Kailh_socket_MX_simplified",159.634599,-107.290350,0.000000,bottom
"Key51","Switch","Kailh_socket_MX_simplified",159.634599,-126.340351,0.000000,bottom
"Key52","Switch","Kailh_socket_MX_simplified",159.634599,-145.390365,0.000000,bottom
"Key53","Switch","Kailh_socket_MX_simplified",159.634599,-164.440351,0.000000,bottom
"Key54","Switch","Kailh_socket_MX_simplified",159.634599,-183.490266,0.000000,bottom
"Key55","Switch","Kailh_socket_MX_simplified",140.584599,-107.290350,0.000000,bottom
"Key56","Switch","Kailh_socket_MX_simplified",140.584599,-126.340351,0.000000,bottom
"Key57","Switch","Kailh_socket_MX_simplified",140.584599,-145.390365,0.000000,bottom
"Key58","Switch","Kailh_socket_MX_simplified",140.584599,-164.440351,0.000000,bottom
"Key59","Switch","Kailh_socket_MX_simplified",140.584599,-183.490266,0.000000,bottom
"Key60","Switch","Kailh_socket_MX_simplified",121.534599,-107.290350,0.000000,bottom
"Key61","Switch","Kailh_socket_MX_simplified",121.534599,-126.340351,0.000000,bottom
"Key62","Switch","Kailh_socket_MX_simplified",112.009599,-145.390365,0.000000,bottom
"Key63","Switch","Kailh_socket_MX_simplified",121.534599,-164.440351,0.000000,bottom
"Key64","Switch","Kailh_socket_MX_simplified",121.534599,-183.490266,0.000000,bottom
"Key65","Switch","Kailh_socket_MX_simplified",102.484599,-107.290350,0.000000,bottom
"Key66","Switch","Kailh_socket_MX_simplified",102.484599,-126.340351,0.000000,bottom
"Key67","Switch","Kailh_socket_MX_simplified",102.484599,-164.440351,0.000000,bottom
"Key68","Switch","Kailh_socket_MX_simplified",102.484599,-183.490266,0.000000,bottom
"C1","470nF","C_0603_1608Metric",97.334516,-135.590885,225.000000,top
"C2","470nF","C_0603_1608Metric",95.200000,-133.440000,45.000000,top
"C3","100nF","C_0603_1608Metric",96.270000,-134.520000,45.000000,top
"C4","470nF","C_0603_1608Metric",105.072989,-143.674466,270.000000,top
"C5","100nF","C_0603_1608Metric",106.572989,-143.674466,270.000000,top
"C6","470nF","C_0603_1608Metric",102.911531,-135.676245,0.000000,top
"C7","100nF","C_0603_1608Metric",102.911531,-134.168333,0.000000,top
"C8","470nF","C_0603_1608Metric",226.335945,-177.765262,225.000000,top
"C9","100nF","C_0603_1608Metric",227.405945,-178.835262,225.000000,top
"C10","470nF","C_0603_1608Metric",233.127433,-178.436005,90.000000,top
"C11","100nF","C_0603_1608Metric",231.607434,-178.446005,90.000000,top
"C12","470nF","C_0603_1608Metric",224.860000,-185.490000,90.000000,top
"C13","100nF","C_0603_1608Metric",225.590000,-183.210000,180.000000,top
"C14","470nF","C_0603_1608Metric",226.210000,-187.450000,45.000000,top
"C15","100nF","C_0603_1608Metric",128.430000,-88.050000,180.000000,top
"C16","10uf","C_0603_1608Metric",108.550000,-88.320000,0.000000,top
"C17","10pF","C_0603_1608Metric",139.800000,-94.780000,0.000000,top
"C18","10pF","C_0603_1608Metric",145.520000,-93.160000,90.000000,top
"C19","100nF","C_0603_1608Metric",125.150000,-96.870000,270.000000,top
"C20","100nF","C_0603_1608Metric",138.390000,-98.110000,0.000000,top
"C21","22uf","C_0603_1608Metric",107.900000,-90.680000,0.000000,top
"C22","100nF","C_0603_1608Metric",138.390000,-96.600000,0.000000,top
"C23","4.7uf","C_0603_1608Metric",123.640000,-96.870000,270.000000,top
"C24","10nF","C_0603_1608Metric",142.480000,-90.120000,180.000000,top
"C25","1uf","C_0603_1608Metric",145.500000,-90.120000,0.000000,top
"C26","100nF","C_0603_1608Metric",148.850000,-90.040000,0.000000,top
"D1","1N4148WS","D_SOD-323",356.423200,-109.337000,270.000000,top
"D2","1N4148WS","D_SOD-323",356.423200,-128.387000,270.000000,top
"D3","1N4148WS","D_SOD-323",356.423200,-147.437000,270.000000,top
"D4","1N4148WS","D_SOD-323",356.423200,-166.487000,270.000000,top
"D5","1N4148WS","D_SOD-323",356.423200,-185.537000,270.000000,top
"D6","1N4148WS","D_SOD-323",337.373200,-109.337000,270.000000,top
"D7","1N4148WS","D_SOD-323",337.373200,-128.387000,270.000000,top
"D8","1N4148WS","D_SOD-323",337.373200,-147.437000,270.000000,top
"D9","1N4148WS","D_SOD-323",337.373200,-166.487000,270.000000,top
"D10","1N4148WS","D_SOD-323",337.373200,-185.537000,270.000000,top
"D11","1N4148WS","D_SOD-323",318.323200,-109.337000,270.000000,top
"D12","1N4148WS","D_SOD-323",318.323200,-128.387000,270.000000,top
"D13","1N4148WS","D_SOD-323",318.323200,-147.437000,270.000000,top
"D14","1N4148WS","D_SOD-323",318.323200,-166.487000,270.000000,top
"D15","1N4148WS","D_SOD-323",318.323200,-185.537000,270.000000,top
"D16","1N4148WS","D_SOD-323",299.273200,-109.337000,270.000000,top
"D17","1N4148WS","D_SOD-323",299.273200,-128.387000,270.000000,top
"D18","1N4148WS","D_SOD-323",299.273200,-147.437000,270.000000,top
"D19","1N4148WS","D_SOD-323",299.273200,-166.487000,270.000000,top
"D20","1N4148WS","D_SOD-323",299.273200,-185.537000,270.000000,top
"D21","1N4148WS","D_SOD-323",280.223200,-109.337000,270.000000,top
"D22","1N4148WS","D_SOD-323",280.223200,-128.387000,270.000000,top
"D23","1N4148WS","D_SOD-323",280.223200,-147.437000,270.000000,top
"D24","1N4148WS","D_SOD-323",280.223200,-166.487000,270.000000,top
"D25","1N4148WS","D_SOD-323",280.223200,-185.537000,270.000000,top
"D26","1N4148WS","D_SOD-323",261.173200,-109.337000,270.000000,top
"D27","1N4148WS","D_SOD-323",261.173200,-128.387000,270.000000,top
"D28","1N4148WS","D_SOD-323",261.173200,-147.437000,270.000000,top
"D29","1N4148WS","D_SOD-323",261.173200,-166.487000,270.000000,top
"D30","1N4148WS","D_SOD-323",251.622800,-185.537000,270.000000,top
"D31","1N4148WS","D_SOD-323",242.123200,-109.337000,270.000000,top
"D32","1N4148WS","D_SOD-323",242.123200,-128.387000,270.000000,top
"D33","1N4148WS","D_SOD-323",242.123200,-147.437000,270.000000,top
"D34","1N4148WS","D_SOD-323",242.123200,-166.487000,270.000000,top
"D35","1N4148WS","D_SOD-323",223.073200,-109.337000,270.000000,top
"D36","1N4148WS","D_SOD-323",223.073200,-128.387000,270.000000,top
"D37","1N4148WS","D_SOD-323",223.073200,-147.437000,270.000000,top
"D38","1N4148WS","D_SOD-323",223.073200,-166.487000,270.000000,top
"D39","1N4148WS","D_SOD-323",223.069400,-185.575000,270.000000,top
"D40","1N4148WS","D_SOD-323",204.023200,-109.337000,270.000000,top
"D41","1N4148WS","D_SOD-323",204.023200,-128.387000,270.000000,top
"D42","1N4148WS","D_SOD-323",204.023200,-147.437000,270.000000,top
"D43","1N4148WS","D_SOD-323",204.023200,-166.487000,270.000000,top
"D44","1N4148WS","D_SOD-323",204.023200,-185.537000,270.000000,top
"D45","1N4148WS","D_SOD-323",184.973200,-109.337000,270.000000,top
"D46","1N4148WS","D_SOD-323",184.973200,-128.387000,270.000000,top
"D47","1N4148WS","D_SOD-323",184.973200,-147.437000,270.000000,top
"D48","1N4148WS","D_SOD-323",184.973200,-166.487000,270.000000,top
"D49","1N4148WS","D_SOD-323",184.973200,-185.537000,270.000000,top
"D50","1N4148WS","D_SOD-323",165.923200,-109.337000,270.000000,top
"D51","1N4148WS","D_SOD-323",165.923200,-128.387000,270.000000,top
"D52","1N4148WS","D_SOD-323",165.923200,-147.437000,270.000000,top
"D53","1N4148WS","D_SOD-323",165.923200,-166.487000,270.000000,top
"D54","1N4148WS","D_SOD-323",165.923200,-185.537000,270.000000,top
"D55","1N4148WS","D_SOD-323",146.873200,-109.337000,270.000000,top
"D56","1N4148WS","D_SOD-323",146.873200,-128.387000,270.000000,top
"D57","1N4148WS","D_SOD-323",146.873200,-147.437000,270.000000,top
"D58","1N4148WS","D_SOD-323",146.873200,-166.487000,270.000000,top
"D59","1N4148WS","D_SOD-323",146.873200,-185.537000,270.000000,top
"D60","1N4148WS","D_SOD-323",127.823200,-109.337000,270.000000,top
"D61","1N4148WS","D_SOD-323",127.823200,-128.387000,270.000000,top
"D62","1N4148WS","D_SOD-323",118.298200,-147.437000,270.000000,top
"D63","1N4148WS","D_SOD-323",127.823200,-166.487000,270.000000,top
"D64","1N4148WS","D_SOD-323",127.823200,-185.537000,270.000000,top
"D65","1N4148WS","D_SOD-323",108.773200,-109.337000,270.000000,top
"D66","1N4148WS","D_SOD-323",108.773200,-128.387000,270.000000,top
"D67","1N4148WS","D_SOD-323",108.773200,-166.487000,270.000000,top
"D68","1N4148WS","D_SOD-323",108.773200,-185.537000,270.000000,top
"D69","RABG","RGB_LED_1205",350.134674,-102.290350,180.000000,top
"D70","RABG","RGB_LED_1205",350.134674,-121.340350,180.000000,top
"D71","RABG","RGB_LED_1205",350.134674,-140.390365,180.000000,top
"D72","RABG","RGB_LED_1205",331.084749,-102.290350,180.000000,top
"D73","RABG","RGB_LED_1205",331.084749,-121.340350,180.000000,top
"D74","RABG","RGB_LED_1205",331.084749,-140.390365,180.000000,top
"D75","RABG","RGB_LED_1205",312.034749,-102.290350,180.000000,top
"D76","RABG","RGB_LED_1205",312.034749,-121.340350,180.000000,top
"D77","RABG","RGB_LED_1205",312.034749,-140.390365,180.000000,top
"D78","RABG","RGB_LED_1205",292.984749,-102.290350,180.000000,top
"D79","RABG","RGB_LED_1205",292.984749,-121.340350,180.000000,top
"D80","RABG","RGB_LED_1205",292.984749,-140.390365,180.000000,top
"D81","RABG","RGB_LED_1205",273.934749,-102.290350,180.000000,top
"D82","RABG","RGB_LED_1205",273.934749,-121.340350,180.000000,top
"D83","RABG","RGB_LED_1205",273.934749,-140.390365,180.000000,top
"D84","RABG","RGB_LED_1205",254.885449,-102.290350,180.000000,top
"D85","RABG","RGB_LED_1205",254.885449,-121.340350,180.000000,top
"D86","RABG","RGB_LED_1205",254.885449,-140.390365,180.000000,top
"D87","RABG","RGB_LED_1205",235.835599,-102.290350,180.000000,top
"D88","RABG","RGB_LED_1205",235.835599,-121.340350,180.000000,top
"D89","RABG","RGB_LED_1205",235.835599,-140.390365,180.000000,top
"D90","RABG","RGB_LED_1205",216.784600,-102.290350,180.000000,top
"D91","RABG","RGB_LED_1205",216.784600,-121.340351,180.000000,top
"D92","RABG","RGB_LED_1205",216.784600,-140.390365,180.000000,top
"D93","RABG","RGB_LED_1205",197.734599,-102.290350,180.000000,top
"D94","RABG","RGB_LED_1205",197.734599,-121.340351,180.000000,top
"D95","RABG","RGB_LED_1205",197.734599,-140.390365,180.000000,top
"D96","RABG","RGB_LED_1205",178.684599,-102.290350,180.000000,top
"D97","RABG","RGB_LED_1205",178.684599,-121.340351,180.000000,top
"D98","RABG","RGB_LED_1205",178.684599,-140.390365,180.000000,top
"D99","RABG","RGB_LED_1205",159.634599,-102.290350,180.000000,top
"D100","RABG","RGB_LED_1205",159.634599,-121.340351,180.000000,top
"D101","RABG","RGB_LED_1205",159.634599,-140.390365,180.000000,top
"D102","RABG","RGB_LED_1205",140.584599,-102.290350,180.000000,top
"D103","RABG","RGB_LED_1205",140.584599,-121.340351,180.000000,top
"D104","RABG","RGB_LED_1205",140.584599,-140.390365,180.000000,top
"D105","RABG","RGB_LED_1205",121.534599,-102.290350,180.000000,top
"D106","RABG","RGB_LED_1205",121.534599,-121.340351,180.000000,top
"D107","RABG","RGB_LED_1205",112.009599,-140.390365,180.000000,top
"D108","RABG","RGB_LED_1205",102.484599,-102.290350,180.000000,top
"D109","RABG","RGB_LED_1205",102.484599,-121.340351,180.000000,top
"D110","RABG","RGB_LED_1205",350.134674,-159.440351,180.000000,top
"D111","RABG","RGB_LED_1205",350.134675,-178.490265,180.000000,top
"D112","RABG","RGB_LED_1205",331.084749,-159.440351,180.000000,top
"D113","RABG","RGB_LED_1205",331.084750,-178.490265,180.000000,top
"D114","RABG","RGB_LED_1205",312.034749,-159.440351,180.000000,top
"D115","RABG","RGB_LED_1205",312.034750,-178.490265,180.000000,top
"D116","RABG","RGB_LED_1205",292.984749,-159.440351,180.000000,top
"D117","RABG","RGB_LED_1205",292.984750,-178.490265,180.000000,top
"D118","RABG","RGB_LED_1205",273.934749,-159.440351,180.000000,top
"D119","RABG","RGB_LED_1205",273.934750,-178.490265,180.000000,top
"D120","RABG","RGB_LED_1205",254.885449,-159.440351,180.000000,top
"D121","RABG","RGB_LED_1205",245.359599,-178.490265,180.000000,top
"D122","RABG","RGB_LED_1205",235.835599,-159.440351,180.000000,top
"D123","RABG","RGB_LED_1205",216.784600,-159.440351,180.000000,top
"D124","RABG","RGB_LED_1205",216.784600,-178.490266,180.000000,top
"D125","RABG","RGB_LED_1205",197.734599,-159.440351,180.000000,top
"D126","RABG","RGB_LED_1205",197.734599,-178.490266,180.000000,top
"D127","RABG","RGB_LED_1205",178.684599,-159.440351,180.000000,top
"D128","RABG","RGB_LED_1205",178.684599,-178.490266,180.000000,top
"D129","RABG","RGB_LED_1205",159.634599,-159.440351,180.000000,top
"D130","RABG","RGB_LED_1205",159.634599,-178.490266,180.000000,top
"D131","RABG","RGB_LED_1205",140.584599,-159.440351,180.000000,top
"D132","RABG","RGB_LED_1205",140.584599,-178.490266,180.000000,top
"D133","RABG","RGB_LED_1205",121.534599,-159.440351,180.000000,top
"D134","RABG","RGB_LED_1205",121.534599,-178.490266,180.000000,top
"D135","RABG","RGB_LED_1205",102.484599,-159.440351,180.000000,top
"D136","RABG","RGB_LED_1205",102.484599,-178.490266,180.000000,top
"J1","47346-0001","USB_Micro-B_Molex_47346-0001",114.975000,-86.425000,180.000000,top
"R1","100k","R_0603_1608Metric",93.940000,-138.100000,90.000000,top
"R4","22k","R_0603_1608Metric",100.600000,-135.290000,90.000000,top
"R7","22k","R_0603_1608Metric",224.820000,-181.710000,180.000000,top
"R8","100k","R_0603_1608Metric",233.350000,-189.220000,45.000000,top
"R9","1.5K","R_0603_1608Metric",114.230000,-93.260000,270.000000,top
"R10","1.5K","R_0603_1608Metric",139.800000,-92.800000,0.000000,top
"R11","100k","R_0603_1608Metric",145.340000,-98.500000,180.000000,top
"R12","22","R_0603_1608Metric",116.650000,-92.690000,315.000000,top
"R13","1.5K","R_0603_1608Metric",128.140000,-99.160000,270.000000,top
"R14","22","R_0603_1608Metric",117.713363,-91.616637,315.000000,top
"R15","1.5K","R_0603_1608Metric",126.670000,-96.870000,270.000000,top
"R16","100k","R_0603_1608Metric",120.879000,-97.885000,0.000000,top
"SW1","B3U-1000P","SW_SPST_B3U-1000P",149.610000,-93.590000,90.000000,top
"U1","IS31FL3733-QFLS4-TR","QFN-48-1EP_6x6mm_P0.4mm_EP4.2x4.2mm_ThermalVias",98.825000,-140.925000,45.000000,top
"U2","IS31FL3733-QFLS4-TR","QFN-48-1EP_6x6mm_P0.4mm_EP4.2x4.2mm_ThermalVias",231.175000,-185.150000,135.000000,top
"U3","AZ1117CH-3.3TRG1","SOT-223-3_TabPin2",101.990000,-90.640000,180.000000,top
"U4","STM32F303CCT6","LQFP-48_7x7mm_P0.5mm",133.112000,-92.598000,180.000000,top
"Y1","8Mhz 20pf","Crystal_SMD_3225-4Pin_3.2x2.5mm",143.030000,-93.790000,90.000000,top
