Comment,Designator,Footprint,LCSC, Part Number, LCSC
"100nF","C11,C9,C13,C5,C3,C7,C22,C20,C19,C15,C26","Capacitor_SMD:C_0603_1608Metric",""
"470nF","C14,C1,C10,C8,C12,C4,C2,C6","Capacitor_SMD:C_0603_1608Metric","","CL10B474KA8NNNC","C1623"
"10uf","C16","Capacitor_SMD:C_0603_1608Metric","","GRM188R60J106KE47D","C77040"
"10pF","C18,C17","Capacitor_SMD:C_0603_1608Metric","","CC0603FRNPO9BN100","C309467"
"22uf","C21","Capacitor_SMD:C_0603_1608Metric","","GRM188R61A226ME15D","C84419"
"4.7uf","C23","Capacitor_SMD:C_0603_1608Metric","","CL10A475KA8NQNC","C69335"
"10nF","C24","Capacitor_SMD:C_0603_1608Metric","","CL10B103JB8NNNC","C7248"
"1uf","C25","Capacitor_SMD:C_0603_1608Metric","","UMK107AB7105KA-T","C105174"
"1N4148WS","D1,D2,D3,D4,D5,D6,D7,D8,D9,D10,D11,D12,D13,D14,D15,D16,D17,D18,D19,D20,D21,D22,D23,D24,D25,D26,D27,D28,D29,D30,D31,D32,D33,D34,D35,D36,D37,D38,D39,D40,D41,D42,D43,D44,D45,D46,D47,D48,D49,D50,D51,D52,D53,D54,D55,D56,D57,D58,D59,D60,D61,D62,D63,D64,D65,D66,D67,D68","Diode_SMD:D_SOD-323","","1N4148WS","C118873"
"RABG","D69,D72,D75,D78,D81,D84,D87,D90,D93,D96,D99,D102,D105,D108,D109,D106,D103,D100,D97,D94,D91,D88,D85,D82,D79,D76,D73,D70,D71,D74,D77,D80,D83,D86,D89,D92,D95,D98,D101,D104,D107,D110,D112,D114,D116,D118,D120,D122,D123,D125,D127,D129,D131,D133,D135,D136,D132,D130,D128,D126,D124,D121,D119,D117,D115,D113,D111,D134","KiCad:RGB_LED_1205","","MHT150RGBCT","C409782"
"47346-0001","J1","Connector_USB:USB_Micro-B_Molex_47346-0001","","47346-0001","C132560"
"1.27mm STDC14","J2","Connector_PinHeader_1.27mm:PinHeader_2x07_P1.27mm_Vertical",""
"Switch","Key1,Key2,Key3,Key4,Key5,Key6,Key7,Key8,Key9,Key10,Key11,Key12,Key13,Key14,Key15,Key16,Key17,Key18,Key19,Key20,Key21,Key22,Key23,Key24,Key25,Key26,Key27,Key28,Key29,Key30,Key31,Key32,Key33,Key34,Key35,Key36,Key37,Key38,Key39,Key40,Key41,Key42,Key43,Key44,Key45,Key46,Key47,Key48,Key49,Key50,Key51,Key52,Key53,Key54,Key55,Key56,Key57,Key58,Key59,Key60,Key61,Key62,Key63,Key64,Key65,Key66,Key67,Key68","KiCad:Kailh_socket_MX_simplified","","CPG151101S11",""
"22","R14,R12","Resistor_SMD:R_0603_1608Metric","","CR0603FA22R0G","C100876"
"22k","R7,R4","Resistor_SMD:R_0603_1608Metric","","CR0603FA2202G","C100865"
"100k","R8,R1,R16,R11","Resistor_SMD:R_0603_1608Metric","","AC0603FR-07100KL","C116674"
"1.5K","R9,R15,R13,R10","Resistor_SMD:R_0603_1608Metric","","RC0603FR-071K5L","C114668"
"B3U-1000P","SW1","Button_Switch_SMD:SW_SPST_B3U-1000P","","B3U-1000P","C231329"
"IS31FL3733-QFLS4-TR","U2,U1","KiCad:QFN-48-1EP_6x6mm_P0.4mm_EP4.2x4.2mm_ThermalVias","","IS31FL3733-QFLS4-TR",""
"AZ1117CH-3.3TRG1","U3","Package_TO_SOT_SMD:SOT-223-3_TabPin2","","AZ1117CH-3.3TRG1","C92102"
"STM32F303CCT6","U4","Package_QFP:LQFP-48_7x7mm_P0.5mm","","STM32F303CCT6","C81523"
"8Mhz 20pf","Y1","Crystal:Crystal_SMD_3225-4Pin_3.2x2.5mm","","TAXM8M4RDBCCT2T","C400090"