Designator,Val,Package,Mid X,Mid Y,Rotation,Layer
Key1,Switch,Kailh_socket_MX_simplified,350.140274,-107.315350,0.000000,bottom
Key2,Switch,Kailh_socket_MX_simplified,350.140274,-126.365350,0.000000,bottom
Key3,Switch,Kailh_socket_MX_simplified,350.140274,-145.415365,0.000000,bottom
Key4,Switch,Kailh_socket_MX_simplified,350.140274,-164.465351,0.000000,bottom
Key5,Switch,Kailh_socket_MX_simplified,350.140275,-183.515265,0.000000,bottom
Key6,Switch,Kailh_socket_MX_simplified,331.090349,-107.315350,0.000000,bottom
Key7,Switch,Kailh_socket_MX_simplified,331.090349,-126.365350,0.000000,bottom
Key8,Switch,Kailh_socket_MX_simplified,331.090349,-145.415365,0.000000,bottom
Key9,Switch,Kailh_socket_MX_simplified,331.090349,-164.465351,0.000000,bottom
Key10,Switch,Kailh_socket_MX_simplified,331.090350,-183.515265,0.000000,bottom
Key11,Switch,Kailh_socket_MX_simplified,312.040349,-107.315350,0.000000,bottom
Key12,Switch,Kailh_socket_MX_simplified,312.040349,-126.365350,0.000000,bottom
Key13,Switch,Kailh_socket_MX_simplified,312.040349,-145.415365,0.000000,bottom
Key14,Switch,Kailh_socket_MX_simplified,312.040349,-164.465351,0.000000,bottom
Key15,Switch,Kailh_socket_MX_simplified,312.040350,-183.515265,0.000000,bottom
Key16,Switch,Kailh_socket_MX_simplified,292.990349,-107.315350,0.000000,bottom
Key17,Switch,Kailh_socket_MX_simplified,292.990349,-126.365350,0.000000,bottom
Key18,Switch,Kailh_socket_MX_simplified,292.990349,-145.415365,0.000000,bottom
Key19,Switch,Kailh_socket_MX_simplified,292.990349,-164.465351,0.000000,bottom
Key20,Switch,Kailh_socket_MX_simplified,292.990350,-183.515265,0.000000,bottom
Key21,Switch,Kailh_socket_MX_simplified,273.940349,-107.315350,0.000000,bottom
Key22,Switch,Kailh_socket_MX_simplified,273.940349,-126.365350,0.000000,bottom
Key23,Switch,Kailh_socket_MX_simplified,273.940349,-145.415365,0.000000,bottom
Key24,Switch,Kailh_socket_MX_simplified,273.940349,-164.465351,0.000000,bottom
Key25,Switch,Kailh_socket_MX_simplified,273.940350,-183.515265,0.000000,bottom
Key26,Switch,Kailh_socket_MX_simplified,254.891049,-107.315350,0.000000,bottom
Key27,Switch,Kailh_socket_MX_simplified,254.891049,-126.365350,0.000000,bottom
Key28,Switch,Kailh_socket_MX_simplified,254.891049,-145.415365,0.000000,bottom
Key29,Switch,Kailh_socket_MX_simplified,254.891049,-164.465351,0.000000,bottom
Key30,Switch,Kailh_socket_MX_simplified,245.365199,-183.515265,0.000000,bottom
Key31,Switch,Kailh_socket_MX_simplified,235.841199,-107.315350,0.000000,bottom
Key32,Switch,Kailh_socket_MX_simplified,235.841199,-126.365350,0.000000,bottom
Key33,Switch,Kailh_socket_MX_simplified,235.841199,-145.415365,0.000000,bottom
Key34,Switch,Kailh_socket_MX_simplified,235.841199,-164.465351,0.000000,bottom
Key35,Switch,Kailh_socket_MX_simplified,216.790200,-107.315350,0.000000,bottom
Key36,Switch,Kailh_socket_MX_simplified,216.790200,-126.365351,0.000000,bottom
Key37,Switch,Kailh_socket_MX_simplified,216.790200,-145.415365,0.000000,bottom
Key38,Switch,Kailh_socket_MX_simplified,216.790200,-164.465351,0.000000,bottom
Key39,Switch,Kailh_socket_MX_simplified,216.790200,-183.515266,0.000000,bottom
Key40,Switch,Kailh_socket_MX_simplified,197.740199,-107.315350,0.000000,bottom
Key41,Switch,Kailh_socket_MX_simplified,197.740199,-126.365351,0.000000,bottom
Key42,Switch,Kailh_socket_MX_simplified,197.740199,-145.415365,0.000000,bottom
Key43,Switch,Kailh_socket_MX_simplified,197.740199,-164.465351,0.000000,bottom
Key44,Switch,Kailh_socket_MX_simplified,197.740199,-183.515266,0.000000,bottom
Key45,Switch,Kailh_socket_MX_simplified,178.690199,-107.315350,0.000000,bottom
Key46,Switch,Kailh_socket_MX_simplified,178.690199,-126.365351,0.000000,bottom
Key47,Switch,Kailh_socket_MX_simplified,178.690199,-145.415365,0.000000,bottom
Key48,Switch,Kailh_socket_MX_simplified,178.690199,-164.465351,0.000000,bottom
Key49,Switch,Kailh_socket_MX_simplified,178.690199,-183.515266,0.000000,bottom
Key50,Switch,Kailh_socket_MX_simplified,159.640199,-107.315350,0.000000,bottom
Key51,Switch,Kailh_socket_MX_simplified,159.640199,-126.365351,0.000000,bottom
Key52,Switch,Kailh_socket_MX_simplified,159.640199,-145.415365,0.000000,bottom
Key53,Switch,Kailh_socket_MX_simplified,159.640199,-164.465351,0.000000,bottom
Key54,Switch,Kailh_socket_MX_simplified,159.640199,-183.515266,0.000000,bottom
Key55,Switch,Kailh_socket_MX_simplified,140.590199,-107.315350,0.000000,bottom
Key56,Switch,Kailh_socket_MX_simplified,140.590199,-126.365351,0.000000,bottom
Key57,Switch,Kailh_socket_MX_simplified,140.590199,-145.415365,0.000000,bottom
Key58,Switch,Kailh_socket_MX_simplified,140.590199,-164.465351,0.000000,bottom
Key59,Switch,Kailh_socket_MX_simplified,140.590199,-183.515266,0.000000,bottom
Key60,Switch,Kailh_socket_MX_simplified,121.540199,-107.315350,0.000000,bottom
Key61,Switch,Kailh_socket_MX_simplified,121.540199,-126.365351,0.000000,bottom
Key62,Switch,Kailh_socket_MX_simplified,112.015199,-145.415365,0.000000,bottom
Key63,Switch,Kailh_socket_MX_simplified,121.540199,-164.465351,0.000000,bottom
Key64,Switch,Kailh_socket_MX_simplified,121.540199,-183.515266,0.000000,bottom
Key65,Switch,Kailh_socket_MX_simplified,102.490199,-107.315350,0.000000,bottom
Key66,Switch,Kailh_socket_MX_simplified,102.490199,-126.365351,0.000000,bottom
Key67,Switch,Kailh_socket_MX_simplified,102.490199,-164.465351,0.000000,bottom
Key68,Switch,Kailh_socket_MX_simplified,102.490199,-183.515266,0.000000,bottom
C1,470nF,C_0402_1005Metric,97.824516,-136.080885,225.000000,top
C2,470nF,C_0402_1005Metric,96.424516,-134.680885,45.000000,top
C3,100nF,C_0402_1005Metric,97.124516,-135.380885,45.000000,top
C4,470nF,C_0402_1005Metric,101.253504,-146.906903,270.000000,top
C5,100nF,C_0402_1005Metric,102.294904,-146.906903,270.000000,top
C6,470nF,C_0402_1005Metric,101.560000,-134.980000,135.000000,top
C7,100nF,C_0402_1005Metric,100.859100,-135.675840,135.000000,top
C8,470nF,C_0402_1005Metric,224.065487,-183.018016,135.000000,top
C9,100nF,C_0402_1005Metric,224.764341,-182.319162,135.000000,top
C10,470nF,C_0402_1005Metric,234.953463,-179.430264,90.000000,top
C11,100nF,C_0402_1005Metric,233.963513,-179.430264,90.000000,top
C12,470nF,C_0402_1005Metric,226.854073,-180.229694,135.000000,top
C13,100nF,C_0402_1005Metric,225.463162,-181.621104,135.000000,top
C14,470nF,C_0402_1005Metric,226.160776,-180.929597,315.000000,top
C15,100nF,C_0402_1005Metric,128.975000,-88.275000,180.000000,top
C16,10uf,C_0402_1005Metric,109.025000,-88.275000,0.000000,top
C17,20pF,C_0402_1005Metric,146.070000,-94.030000,270.000000,top
C18,20pF,C_0402_1005Metric,146.070000,-92.120000,90.000000,top
C19,100nF,C_0402_1005Metric,126.350000,-95.550000,90.000000,top
C20,100nF,C_0402_1005Metric,137.340000,-97.025000,0.000000,top
C21,22uf,C_0402_1005Metric,114.910000,-95.560000,90.000000,top
C22,100nF,C_0402_1005Metric,138.900000,-95.875000,270.000000,top
C23,4.7uf,C_0402_1005Metric,127.350000,-95.550000,90.000000,top
C24,10nF,C_0402_1005Metric,141.930000,-89.810000,0.000000,top
C25,1uf,C_0402_1005Metric,141.930000,-88.830000,0.000000,top
C26,100nF,C_0402_1005Metric,147.600000,-89.910000,270.000000,top
D1,1N4148WS,D_SOD-323,356.428800,-109.362000,270.000000,top
D2,1N4148WS,D_SOD-323,356.428800,-128.412000,270.000000,top
D3,1N4148WS,D_SOD-323,356.428800,-147.462000,270.000000,top
D4,1N4148WS,D_SOD-323,356.428800,-166.512000,270.000000,top
D5,1N4148WS,D_SOD-323,356.428800,-185.562000,270.000000,top
D6,1N4148WS,D_SOD-323,337.378800,-109.362000,270.000000,top
D7,1N4148WS,D_SOD-323,337.378800,-128.412000,270.000000,top
D8,1N4148WS,D_SOD-323,337.378800,-147.462000,270.000000,top
D9,1N4148WS,D_SOD-323,337.378800,-166.512000,270.000000,top
D10,1N4148WS,D_SOD-323,337.378800,-185.562000,270.000000,top
D11,1N4148WS,D_SOD-323,318.328800,-109.362000,270.000000,top
D12,1N4148WS,D_SOD-323,318.328800,-128.412000,270.000000,top
D13,1N4148WS,D_SOD-323,318.328800,-147.462000,270.000000,top
D14,1N4148WS,D_SOD-323,318.328800,-166.512000,270.000000,top
D15,1N4148WS,D_SOD-323,318.328800,-185.562000,270.000000,top
D16,1N4148WS,D_SOD-323,299.278800,-109.362000,270.000000,top
D17,1N4148WS,D_SOD-323,299.278800,-128.412000,270.000000,top
D18,1N4148WS,D_SOD-323,299.278800,-147.462000,270.000000,top
D19,1N4148WS,D_SOD-323,299.278800,-166.512000,270.000000,top
D20,1N4148WS,D_SOD-323,299.278800,-185.562000,270.000000,top
D21,1N4148WS,D_SOD-323,280.228800,-109.362000,270.000000,top
D22,1N4148WS,D_SOD-323,280.228800,-128.412000,270.000000,top
D23,1N4148WS,D_SOD-323,280.228800,-147.462000,270.000000,top
D24,1N4148WS,D_SOD-323,280.228800,-166.512000,270.000000,top
D25,1N4148WS,D_SOD-323,280.228800,-185.562000,270.000000,top
D26,1N4148WS,D_SOD-323,261.178800,-109.362000,270.000000,top
D27,1N4148WS,D_SOD-323,261.178800,-128.412000,270.000000,top
D28,1N4148WS,D_SOD-323,261.178800,-147.462000,270.000000,top
D29,1N4148WS,D_SOD-323,261.178800,-166.512000,270.000000,top
D30,1N4148WS,D_SOD-323,251.628400,-185.562000,270.000000,top
D31,1N4148WS,D_SOD-323,242.128800,-109.362000,270.000000,top
D32,1N4148WS,D_SOD-323,242.128800,-128.412000,270.000000,top
D33,1N4148WS,D_SOD-323,242.128800,-147.462000,270.000000,top
D34,1N4148WS,D_SOD-323,242.128800,-166.512000,270.000000,top
D35,1N4148WS,D_SOD-323,223.078800,-109.362000,270.000000,top
D36,1N4148WS,D_SOD-323,223.078800,-128.412000,270.000000,top
D37,1N4148WS,D_SOD-323,223.078800,-147.462000,270.000000,top
D38,1N4148WS,D_SOD-323,223.078800,-166.512000,270.000000,top
D39,1N4148WS,D_SOD-323,223.075000,-185.600000,270.000000,top
D40,1N4148WS,D_SOD-323,204.028800,-109.362000,270.000000,top
D41,1N4148WS,D_SOD-323,204.028800,-128.412000,270.000000,top
D42,1N4148WS,D_SOD-323,204.028800,-147.462000,270.000000,top
D43,1N4148WS,D_SOD-323,204.028800,-166.512000,270.000000,top
D44,1N4148WS,D_SOD-323,204.028800,-185.562000,270.000000,top
D45,1N4148WS,D_SOD-323,184.978800,-109.362000,270.000000,top
D46,1N4148WS,D_SOD-323,184.978800,-128.412000,270.000000,top
D47,1N4148WS,D_SOD-323,184.978800,-147.462000,270.000000,top
D48,1N4148WS,D_SOD-323,184.978800,-166.512000,270.000000,top
D49,1N4148WS,D_SOD-323,184.978800,-185.562000,270.000000,top
D50,1N4148WS,D_SOD-323,165.928800,-109.362000,270.000000,top
D51,1N4148WS,D_SOD-323,165.928800,-128.412000,270.000000,top
D52,1N4148WS,D_SOD-323,165.928800,-147.462000,270.000000,top
D53,1N4148WS,D_SOD-323,165.928800,-166.512000,270.000000,top
D54,1N4148WS,D_SOD-323,165.928800,-185.562000,270.000000,top
D55,1N4148WS,D_SOD-323,146.878800,-109.362000,270.000000,top
D56,1N4148WS,D_SOD-323,146.878800,-128.412000,270.000000,top
D57,1N4148WS,D_SOD-323,146.878800,-147.462000,270.000000,top
D58,1N4148WS,D_SOD-323,146.878800,-166.512000,270.000000,top
D59,1N4148WS,D_SOD-323,146.878800,-185.562000,270.000000,top
D60,1N4148WS,D_SOD-323,127.828800,-109.362000,270.000000,top
D61,1N4148WS,D_SOD-323,127.828800,-128.412000,270.000000,top
D62,1N4148WS,D_SOD-323,118.303800,-147.462000,270.000000,top
D63,1N4148WS,D_SOD-323,127.828800,-166.512000,270.000000,top
D64,1N4148WS,D_SOD-323,127.828800,-185.562000,270.000000,top
D65,1N4148WS,D_SOD-323,108.778800,-109.362000,270.000000,top
D66,1N4148WS,D_SOD-323,108.778800,-128.412000,270.000000,top
D67,1N4148WS,D_SOD-323,108.778800,-166.512000,270.000000,top
D68,1N4148WS,D_SOD-323,108.778800,-185.562000,270.000000,top
J1,473460001,USB_Micro-B_Molex_47346-0001,114.975000,-86.425000,180.000000,top
J2,1.27mm STDC14,PinSocket_2x07_P1.27mm_Vertical_SMD,154.700000,-94.550000,0.000000,top
R1,100k,R_0402_1005Metric,94.175000,-139.750000,225.000000,top
R4,20k,R_0402_1005Metric,100.160000,-136.370000,135.000000,top
R7,20k,R_0402_1005Metric,225.660000,-184.810000,225.000000,top
R8,100k,R_0402_1005Metric,230.025000,-189.875000,315.000000,top
R9,1.5K,R_0402_1005Metric,120.350000,-95.400000,270.000000,top
R10,1K,R_0402_1005Metric,140.230000,-92.760000,0.000000,top
R11,100K,R_0402_1005Metric,136.144000,-98.552000,180.000000,top
R12,22,R_0402_1005Metric,126.450000,-94.075000,0.000000,top
R13,1.5K,R_0402_1005Metric,128.270000,-99.568000,270.000000,top
R14,22,R_0402_1005Metric,126.450000,-93.075000,0.000000,top
R15,1.5K,R_0402_1005Metric,127.254000,-97.790000,270.000000,top
R16,100k,R_0402_1005Metric,119.620000,-97.530000,90.000000,top
R17,0,R_0402_1005Metric,119.500000,-99.045000,0.000000,top
R18,0,R_0402_1005Metric,119.500000,-100.045000,180.000000,top
SW1,B3U-1000P,SW_SPST_B3U-1000P,149.610000,-93.590000,90.000000,top
U1,IS31FL3733-QFLS4-TR,QFN-48-1EP_6x6mm_P0.4mm_EP4.2x4.2mm_ThermalVias,98.825000,-140.925000,315.000000,top
U2,IS31FL3733-QFLS4-TR,QFN-48-1EP_6x6mm_P0.4mm_EP4.2x4.2mm_ThermalVias,231.175000,-185.150000,45.000000,top
U3,AZ1117CH-3.3TRG1,SOT-223-3_TabPin2,110.025000,-93.550000,90.000000,top
U4,STM32F303CCT6,LQFP-48_7x7mm_P0.5mm,133.112000,-92.598000,90.000000,top
Y1,8Mhz 20pf,Crystal_SMD_3225-4Pin_3.2x2.5mm,143.448790,-93.040867,0.000000,top
